{
  "threshold": 0.5537987645147118,
  "target_recall": 0.99,
  "model_name": "LR_tuned",
  "transformer_method": "tfidf_lsa",
  "best_params": {
    "C": 0.01,
    "class_weight": null,
    "penalty": "l2",
    "solver": "lbfgs"
  },
  "cv_f2": 0.8663658663658663,
  "cv_recall": 1.0,
  "cv_precision": 0.5645790172642763,
  "test_f2": 0.8660130718954249,
  "test_recall": 1.0,
  "test_precision": 0.5638297872340425,
  "threshold_recall": 0.9905660377358491,
  "threshold_precision": 0.6287425149700598,
  "threshold_f2": 0.8883248730964467
}