{
  "model_name": "RF_tuned",
  "cv_f2": 0.8515141460689136,
  "cv_recall": 0.8593903638151424,
  "cv_precision": 0.8247228648544437,
  "cv_f1": 0.8406443929482105,
  "cv_accuracy": 0.8549019607843138,
  "cv_pr_auc": 0.8928136557455383,
  "best_params": {
    "class_weight": "balanced",
    "max_depth": 10,
    "min_samples_leaf": 1,
    "min_samples_split": 10,
    "n_estimators": 180
  },
  "transformer_method": "tfidf_lsa_product",
  "n_folds": 3,
  "calibrated": false
}