{
  "threshold": 0.13668606820910667,
  "target_recall": 0.99,
  "model_name": "RF_tuned",
  "transformer_method": "tfidf_lsa_product",
  "best_params": {
    "class_weight": "balanced",
    "max_depth": 10,
    "min_samples_leaf": 1,
    "min_samples_split": 10,
    "n_estimators": 180
  },
  "cv_f2": 0.8515141460689136,
  "cv_recall": 0.8593903638151424,
  "cv_precision": 0.8247228648544437,
  "test_f2": 0.8741258741258742,
  "test_recall": 0.8823529411764706,
  "test_precision": 0.8426966292134831,
  "threshold_recall": 1.0,
  "threshold_precision": 0.5862068965517241,
  "threshold_f2": 0.8762886597938144
}