{
  "model_name": "LR_tuned",
  "cv_f2": 0.8663658663658663,
  "cv_recall": 1.0,
  "cv_precision": 0.5645790172642763,
  "cv_f1": 0.721700517799774,
  "cv_accuracy": 0.5645790172642763,
  "cv_pr_auc": 0.88491262496898,
  "best_params": {
    "C": 0.01,
    "class_weight": null,
    "penalty": "l2",
    "solver": "lbfgs"
  },
  "transformer_method": "tfidf_lsa",
  "n_folds": 3
}