{
  "threshold": 0.014965281413936715,
  "target_recall": 0.99,
  "model_name": "SVM_tuned",
  "transformer_method": "tfidf_lsa_product",
  "best_params": {
    "C": 0.08,
    "class_weight": "balanced",
    "max_iter": 2000
  },
  "cv_f2": 0.856303746853977,
  "cv_recall": 0.8790560471976402,
  "cv_precision": 0.7759923904860729,
  "test_f2": 0.8275862068965517,
  "test_recall": 0.8470588235294118,
  "test_precision": 0.7578947368421053,
  "threshold_recall": 1.0,
  "threshold_precision": 0.46195652173913043,
  "threshold_f2": 0.8110687022900763
}