{
  "model_name": "SVM_tuned",
  "cv_f2": 0.856303746853977,
  "cv_recall": 0.8790560471976402,
  "cv_precision": 0.7759923904860729,
  "cv_f1": 0.824306722448933,
  "cv_accuracy": 0.8306666666666667,
  "cv_pr_auc": 0.8778080816492086,
  "best_params": {
    "C": 0.08,
    "class_weight": "balanced",
    "max_iter": 2000
  },
  "transformer_method": "tfidf_lsa_product",
  "n_folds": 3,
  "calibrated": true
}