{
  "model_name": "RF_tuned",
  "cv_f2": 0.9726896117847456,
  "cv_recall": 0.9883104777956536,
  "cv_precision": 0.9148526969140658,
  "cv_f1": 0.950163203566595,
  "cv_accuracy": 0.9142512077294686,
  "cv_pr_auc": 0.9942244182660674,
  "best_params": {
    "class_weight": "balanced",
    "max_depth": 20,
    "min_samples_leaf": 1,
    "min_samples_split": 8,
    "n_estimators": 60
  },
  "transformer_method": "sentence_transformer_ner",
  "n_folds": 3
}