{
  "model_name": "RF_tuned",
  "cv_f2": 0.9820877868935839,
  "cv_recall": 0.9922737306843267,
  "cv_precision": 0.9433840595986821,
  "cv_f1": 0.9672013507501699,
  "cv_accuracy": 0.9455443888498611,
  "cv_pr_auc": 0.9937348086797874,
  "best_params": {
    "class_weight": null,
    "max_depth": 15,
    "min_samples_leaf": 1,
    "min_samples_split": 8,
    "n_estimators": 80
  },
  "transformer_method": "tfidf_lsa_ner_proximity_brands",
  "n_folds": 3
}