{
  "model_name": "RF_tuned",
  "cv_f2": 0.973410384780301,
  "cv_recall": 0.9956140350877193,
  "cv_precision": 0.8937170614089905,
  "cv_f1": 0.9419080468967304,
  "cv_accuracy": 0.8942062130741376,
  "cv_pr_auc": 0.9919396078775463,
  "best_params": {
    "class_weight": "balanced_subsample",
    "max_depth": 20,
    "min_samples_leaf": 1,
    "min_samples_split": 2,
    "n_estimators": 200
  },
  "transformer_method": "sentence_transformer_ner",
  "n_folds": 3
}