{
  "threshold": 0.39421771301883707,
  "target_recall": 0.99,
  "model_name": "RF_tuned",
  "transformer_method": "tfidf_lsa_ner_proximity_brands",
  "best_params": {
    "class_weight": "balanced",
    "max_depth": 20,
    "min_samples_leaf": 1,
    "min_samples_split": 4,
    "n_estimators": 200
  },
  "cv_f2": 0.9860458350804885,
  "cv_recall": 0.9936974650979771,
  "cv_precision": 0.9567512810546867,
  "test_f2": 0.9698996655518395,
  "test_recall": 0.9747899159663865,
  "test_precision": 0.9508196721311475,
  "threshold_recall": 0.9915966386554622,
  "threshold_precision": 0.9365079365079365,
  "threshold_f2": 0.9800664451827242
}