{
  "model_name": "RF_tuned",
  "cv_f2": 0.983987571939065,
  "cv_recall": 0.996078431372549,
  "cv_precision": 0.9385938679226246,
  "cv_f1": 0.9664267460240005,
  "cv_accuracy": 0.9436078495214452,
  "cv_pr_auc": 0.9915828416501323,
  "best_params": {
    "class_weight": null,
    "max_depth": 20,
    "min_samples_leaf": 1,
    "min_samples_split": 12,
    "n_estimators": 80
  },
  "transformer_method": "tfidf_lsa_ner_proximity_brands",
  "n_folds": 3
}