{
  "threshold": 0.5393279257965797,
  "target_recall": 0.98,
  "model_name": "RF_tuned",
  "transformer_method": "sentence_transformer_ner",
  "best_params": {
    "class_weight": "balanced",
    "max_depth": 20,
    "min_samples_leaf": 1,
    "min_samples_split": 8,
    "n_estimators": 60
  },
  "cv_f2": 0.9726896117847456,
  "cv_recall": 0.9883104777956536,
  "cv_precision": 0.9148526969140658,
  "test_f2": 0.9803921568627451,
  "test_recall": 0.9941520467836257,
  "test_precision": 0.9289617486338798,
  "threshold_recall": 0.9824561403508771,
  "threshold_precision": 0.9438202247191011,
  "threshold_f2": 0.974477958236659
}