{
  "model_name": "RF_tuned",
  "cv_f2": 0.9752769689166249,
  "cv_recall": 0.9942028985507246,
  "cv_precision": 0.9064947700198619,
  "cv_f1": 0.9482501321116459,
  "cv_accuracy": 0.9067164179104478,
  "cv_pr_auc": 0.992141404347103,
  "best_params": {
    "class_weight": "balanced",
    "max_depth": 15,
    "min_samples_leaf": 1,
    "min_samples_split": 8,
    "n_estimators": 50
  },
  "transformer_method": "sentence_transformer_ner",
  "n_folds": 3
}