{
  "threshold": 0.5092769454016645,
  "target_recall": 0.99,
  "model_name": "RF_tuned",
  "transformer_method": "tfidf_lsa_ner_proximity_brands",
  "best_params": {
    "class_weight": null,
    "max_depth": 15,
    "min_samples_leaf": 1,
    "min_samples_split": 8,
    "n_estimators": 250
  },
  "cv_f2": 0.9857634670635184,
  "cv_recall": 0.9959294286820418,
  "cv_precision": 0.9472235111133219,
  "test_f2": 0.984930032292788,
  "test_recall": 0.9945652173913043,
  "test_precision": 0.9481865284974094,
  "threshold_recall": 0.9945652173913043,
  "threshold_precision": 0.9481865284974094,
  "threshold_f2": 0.984930032292788
}