{
  "threshold": 0.499616500219211,
  "target_recall": 0.99,
  "model_name": "RF_tuned",
  "transformer_method": "sentence_transformer_ner_brands",
  "best_params": {
    "class_weight": "balanced",
    "max_depth": 15,
    "min_samples_leaf": 1,
    "min_samples_split": 4,
    "n_estimators": 200
  },
  "cv_f2": 0.9779633678684178,
  "cv_recall": 0.9965986394557823,
  "cv_precision": 0.9099916695516704,
  "test_f2": 0.9723461195361285,
  "test_recall": 0.9864253393665159,
  "test_precision": 0.919831223628692,
  "threshold_recall": 0.9909502262443439,
  "threshold_precision": 0.9201680672268907,
  "threshold_f2": 0.9759358288770054
}