{
  "threshold": 0.4166666666666667,
  "target_recall": 0.99,
  "model_name": "RF_tuned",
  "transformer_method": "tfidf_lsa_ner_proximity_brands",
  "best_params": {
    "class_weight": null,
    "max_depth": 20,
    "min_samples_leaf": 1,
    "min_samples_split": 2,
    "n_estimators": 120
  },
  "cv_f2": 0.983620812838382,
  "cv_recall": 0.990079365079365,
  "cv_precision": 0.9589649095431906,
  "test_f2": 0.9779179810725552,
  "test_recall": 0.9802371541501976,
  "test_precision": 0.96875,
  "threshold_recall": 0.9920948616600791,
  "threshold_precision": 0.9616858237547893,
  "threshold_f2": 0.98586017282011
}