{
  "threshold": 0.4224749558726438,
  "target_recall": 0.98,
  "model_name": "HGB_tuned",
  "transformer_method": "sentence_transformer_ner",
  "best_params": {
    "class_weight": null,
    "l2_regularization": 0.0,
    "learning_rate": 0.1,
    "max_depth": 4,
    "max_iter": 120,
    "min_samples_leaf": 5
  },
  "cv_f2": 0.9715345382970155,
  "cv_recall": 0.9825517372318208,
  "cv_precision": 0.9298896322014283,
  "test_f2": 0.9653179190751445,
  "test_recall": 0.9709302325581395,
  "test_precision": 0.943502824858757,
  "threshold_recall": 0.9825581395348837,
  "threshold_precision": 0.9441340782122905,
  "threshold_f2": 0.9746251441753172
}