{
  "model_name": "RF_tuned",
  "cv_f2": 0.9824646336695171,
  "cv_recall": 0.993189539752192,
  "cv_precision": 0.9418225478162223,
  "cv_f1": 0.9668121774766872,
  "cv_accuracy": 0.9446519030930044,
  "cv_pr_auc": 0.9942579896465772,
  "best_params": {
    "class_weight": "balanced",
    "max_depth": 15,
    "min_samples_leaf": 1,
    "min_samples_split": 12,
    "n_estimators": 350
  },
  "transformer_method": "tfidf_lsa_ner_proximity_brands",
  "n_folds": 3
}