{
  "threshold": 0.5,
  "target_recall": 0.99,
  "model_name": "RF_tuned",
  "transformer_method": "tfidf_lsa_ner_proximity_brands",
  "best_params": {
    "class_weight": null,
    "max_depth": 20,
    "min_samples_leaf": 1,
    "min_samples_split": 2,
    "n_estimators": 200
  },
  "cv_f2": 0.9800320341400686,
  "cv_recall": 0.9885609377206609,
  "cv_precision": 0.9477810551114532,
  "test_f2": 0.9773755656108597,
  "test_recall": 0.9863013698630136,
  "test_precision": 0.9432314410480349,
  "threshold_recall": 0.9908675799086758,
  "threshold_precision": 0.9434782608695652,
  "threshold_f2": 0.9810126582278481
}