{
  "threshold": 0.4911488614341085,
  "target_recall": 0.99,
  "model_name": "RF_tuned",
  "transformer_method": "tfidf_lsa_ner_proximity_brands",
  "best_params": {
    "class_weight": null,
    "max_depth": 15,
    "min_samples_leaf": 1,
    "min_samples_split": 2,
    "n_estimators": 120
  },
  "cv_f2": 0.9838793170436267,
  "cv_recall": 0.9912959218065387,
  "cv_precision": 0.9553062173683456,
  "test_f2": 0.9861325115562404,
  "test_recall": 0.9884169884169884,
  "test_precision": 0.9770992366412213,
  "threshold_recall": 0.9922779922779923,
  "threshold_precision": 0.9625468164794008,
  "threshold_f2": 0.9861857252494244
}