{
  "threshold": 0.48752155591443286,
  "target_recall": 0.98,
  "model_name": "RF_tuned",
  "transformer_method": "sentence_transformer_ner",
  "best_params": {
    "class_weight": "balanced",
    "max_depth": 15,
    "min_samples_leaf": 1,
    "min_samples_split": 8,
    "n_estimators": 50
  },
  "cv_f2": 0.9752769689166249,
  "cv_recall": 0.9942028985507246,
  "cv_precision": 0.9064947700198619,
  "test_f2": 0.9624145785876993,
  "test_recall": 0.976878612716763,
  "test_precision": 0.9086021505376344,
  "threshold_recall": 0.9826589595375722,
  "threshold_precision": 0.9090909090909091,
  "threshold_f2": 0.9670079635949943
}