{
  "model_name": "RF_tuned",
  "cv_f2": 0.983620812838382,
  "cv_recall": 0.990079365079365,
  "cv_precision": 0.9589649095431906,
  "cv_f1": 0.9741593767173443,
  "cv_accuracy": 0.958528951486698,
  "cv_pr_auc": 0.9946287395280656,
  "best_params": {
    "class_weight": null,
    "max_depth": 20,
    "min_samples_leaf": 1,
    "min_samples_split": 2,
    "n_estimators": 120
  },
  "transformer_method": "tfidf_lsa_ner_proximity_brands",
  "n_folds": 3
}