{
  "threshold": 0.03952253770856331,
  "target_recall": 0.99,
  "model_name": "RF_tuned",
  "transformer_method": "tfidf_lsa_ner_proximity",
  "best_params": {
    "class_weight": "balanced",
    "max_depth": 15,
    "min_samples_leaf": 1,
    "min_samples_split": 4,
    "n_estimators": 300
  },
  "cv_f2": 0.9768988725644675,
  "cv_recall": 0.9879248175497689,
  "cv_precision": 0.9352876212426775,
  "test_f2": 0.946236559139785,
  "test_recall": 0.9411764705882353,
  "test_precision": 0.967032967032967,
  "threshold_recall": 0.9946524064171123,
  "threshold_precision": 0.8416289592760181,
  "threshold_f2": 0.9597523219814241
}