{
  "threshold": 0.5884815493165828,
  "target_recall": 0.99,
  "model_name": "RF_tuned",
  "transformer_method": "tfidf_lsa_ner_proximity_brands",
  "best_params": {
    "class_weight": "balanced",
    "max_depth": 15,
    "min_samples_leaf": 1,
    "min_samples_split": 2,
    "n_estimators": 80
  },
  "cv_f2": 0.9866658900217443,
  "cv_recall": 0.9927760577915375,
  "cv_precision": 0.9629914421027514,
  "test_f2": 0.9844134536505332,
  "test_recall": 0.9917355371900827,
  "test_precision": 0.9561752988047809,
  "threshold_recall": 0.9917355371900827,
  "threshold_precision": 0.96,
  "threshold_f2": 0.9852216748768473
}