{
  "threshold": 0.5113963617581454,
  "target_recall": 0.99,
  "model_name": "RF_tuned",
  "transformer_method": "tfidf_lsa_ner_proximity_brands",
  "best_params": {
    "class_weight": null,
    "max_depth": 15,
    "min_samples_leaf": 1,
    "min_samples_split": 4,
    "n_estimators": 120
  },
  "cv_f2": 0.9812063187916465,
  "cv_recall": 0.9911699779249448,
  "cv_precision": 0.9432989310022492,
  "test_f2": 0.984251968503937,
  "test_recall": 0.9911894273127754,
  "test_precision": 0.9574468085106383,
  "threshold_recall": 0.9911894273127754,
  "threshold_precision": 0.9574468085106383,
  "threshold_f2": 0.984251968503937
}