{
  "model_name": "HGB_tuned",
  "cv_f2": 0.9769660231227567,
  "cv_recall": 0.9814264578213076,
  "cv_precision": 0.9597567063815858,
  "cv_f1": 0.9703964607389156,
  "cv_accuracy": 0.9504506762231745,
  "cv_pr_auc": 0.9951734726750489,
  "best_params": {
    "class_weight": null,
    "l2_regularization": 0.0,
    "learning_rate": 0.12,
    "max_depth": 4,
    "max_iter": 150,
    "min_samples_leaf": 7
  },
  "transformer_method": "tfidf_lsa_ner_proximity",
  "n_folds": 3
}