{
  "threshold": 0.4408976305621197,
  "target_recall": 0.99,
  "model_name": "RF_tuned",
  "transformer_method": "sentence_transformer_ner",
  "best_params": {
    "class_weight": "balanced",
    "max_depth": 20,
    "min_samples_leaf": 1,
    "min_samples_split": 10,
    "n_estimators": 70
  },
  "cv_f2": 0.9742534116867705,
  "cv_recall": 0.9899425287356322,
  "cv_precision": 0.9165503452365824,
  "test_f2": 0.9738041002277904,
  "test_recall": 0.9827586206896551,
  "test_precision": 0.9395604395604396,
  "threshold_recall": 0.9942528735632183,
  "threshold_precision": 0.9057591623036649,
  "threshold_f2": 0.9751972942502819
}