{
  "threshold": 0.2755951097970699,
  "target_recall": 0.99,
  "model_name": "RF_tuned",
  "transformer_method": "tfidf_lsa_ner_proximity",
  "best_params": {
    "class_weight": "balanced",
    "max_depth": 20,
    "min_samples_leaf": 1,
    "min_samples_split": 2,
    "n_estimators": 200
  },
  "cv_f2": 0.9782576576462377,
  "cv_recall": 0.9895833333333334,
  "cv_precision": 0.9354462800828459,
  "test_f2": 0.967741935483871,
  "test_recall": 0.9722222222222222,
  "test_precision": 0.9502262443438914,
  "threshold_recall": 0.9907407407407407,
  "threshold_precision": 0.8842975206611571,
  "threshold_f2": 0.9674502712477396
}