{
  "threshold": 0.07192322798318537,
  "target_recall": 0.99,
  "model_name": "HGB_tuned",
  "transformer_method": "tfidf_lsa_ner_proximity",
  "best_params": {
    "class_weight": null,
    "l2_regularization": 0.0,
    "learning_rate": 0.12,
    "max_depth": 4,
    "max_iter": 150,
    "min_samples_leaf": 7
  },
  "cv_f2": 0.9769660231227567,
  "cv_recall": 0.9814264578213076,
  "cv_precision": 0.9597567063815858,
  "test_f2": 0.9717514124293786,
  "test_recall": 0.9772727272727273,
  "test_precision": 0.9502762430939227,
  "threshold_recall": 0.9943181818181818,
  "threshold_precision": 0.9308510638297872,
  "threshold_f2": 0.9809417040358744
}