{
  "threshold": 0.4752770539036987,
  "target_recall": 0.99,
  "model_name": "RF_tuned",
  "transformer_method": "tfidf_lsa_ner_proximity_brands",
  "best_params": {
    "class_weight": null,
    "max_depth": 20,
    "min_samples_leaf": 1,
    "min_samples_split": 12,
    "n_estimators": 80
  },
  "cv_f2": 0.983987571939065,
  "cv_recall": 0.996078431372549,
  "cv_precision": 0.9385938679226246,
  "test_f2": 0.9803921568627451,
  "test_recall": 0.9895833333333334,
  "test_precision": 0.945273631840796,
  "threshold_recall": 0.9947916666666666,
  "threshold_precision": 0.9408866995073891,
  "threshold_f2": 0.9835221421215242
}