{
  "model_name": "HGB_tuned",
  "cv_f2": 0.9715345382970155,
  "cv_recall": 0.9825517372318208,
  "cv_precision": 0.9298896322014283,
  "cv_f1": 0.9554764166146793,
  "cv_accuracy": 0.9225861008610087,
  "cv_pr_auc": 0.9929974536057199,
  "best_params": {
    "class_weight": null,
    "l2_regularization": 0.0,
    "learning_rate": 0.1,
    "max_depth": 4,
    "max_iter": 120,
    "min_samples_leaf": 5
  },
  "transformer_method": "sentence_transformer_ner",
  "n_folds": 3
}