{
  "threshold": 0.5366237127273346,
  "target_recall": 0.98,
  "model_name": "RF_tuned",
  "transformer_method": "sentence_transformer_ner",
  "best_params": {
    "class_weight": "balanced",
    "max_depth": 20,
    "min_samples_leaf": 1,
    "min_samples_split": 5,
    "n_estimators": 200
  },
  "cv_f2": 0.9722675682599403,
  "cv_recall": 0.9956521739130434,
  "cv_precision": 0.8888429227011905,
  "test_f2": 0.9648127128263337,
  "test_recall": 0.9826589595375722,
  "test_precision": 0.8994708994708994,
  "threshold_recall": 0.9826589595375722,
  "threshold_precision": 0.9090909090909091,
  "threshold_f2": 0.9670079635949943
}